{
    "aaa": {
        "pub_metadata": {
            "name": "doc_name",
            "creator": "creator",
            "create_date": "2222-12-21T16:38:00.236895",
            "file_handle": "",
            "acl": {
                "role1": "",
                "role2": ""
            },
            "deleter": ""
        },
        "priv_metadata": {
            "alg": "",
            "key": ""
        }
    },
    "bbb": {
        "pub_metadata": {
            "name": "doc_name1",
            "creator": "not_creator",
            "create_date": "1000-12-21T16:38:00.236895",
            "file_handle": "file_handle",
            "acl": {},
            "deleter": ""
        },
        "priv_metadata": {
            "alg": "",
            "key": ""
        }
    },
    "not_in_org": {
        "pub_metadata": {
            "name": "doc_name2",
            "creator": "creator",
            "create_date": "2222-12-21T16:38:00.236895",
            "file_handle": "file_handle",
            "acl": {},
            "deleter": ""
        },
        "priv_metadata": {
            "alg": "",
            "key": ""
        }
    }
}